topic,related_word
bread,toast
bread,dough
bread,flour
bread,loaf
bread,sandwich
bread,pastry
bread,cake
bread,wheat
bread,bun
bread,butter
pastry,cake
store,shop
baking,pastry
deli,bakery
shop,store
bakehouse,bakery
cafe,restaurant
baker,bakery
pastry,baking
pastry,dessert
pastry,bread
pastry,pie
pastry,dough
store,warehouse
store,depot
store,bakery
store,boutique
store,garner
store,supermarket
store,bookstore
store,google
store,bazaar
baking,dough
baking,oven
baking,cooking
baking,flour
baking,bread
baking,cakes
baking,bakery
baking,cook
baking,butter
deli,store
deli,shop
deli,delicatessen
deli,restaurant
shop,browse
shop,boutique
shop,garage
shop,bakery
shop,mall
shop,restaurant
shop,deli
shop,bookstore
shop,storefront
bakehouse,baked goods
bakehouse,brewhouse
bakehouse,bakeshop
bakehouse,patisserie
bakehouse,tearoom
bakehouse,cookhouse
bakehouse,wedding
bakehouse,business
bakehouse,flour
cafe,coffee
cafe,bar
cafe,espresso
cafe,coffeehouse
cafe,eatery
cafe,coffee shop
cafe,diner
cafe,deli
cafe,bakery
baker,pastry
baker,cake
baker,cook
baker,oven
baker,bread
baker,bread maker
baker,dough
baker,yeast
baker,rosa
pastry,flour
pastry,biscuit
pastry,croissant
pastry,bakery
deli,eatery
deli,pizzeria
deli,cafe
deli,grocery
deli,bistro
cake,chocolate
cake,cookie
cake,pie
cake,dessert
cake,bread
cake,cupcakes
cake,birthday cake
cake,baking
cake,icing
cake,pastry
